,all,filtered,winsorized
mean,12.17193564444711,12.047851249779967,12.119642808982745
median,12.349662657500474,12.285112957263696,12.349662657500474
std,6.744453012717583,6.529689133386549,6.370794301711914
