,slope,intercept,r2,mae
all,2.1696787184348176,1.3235420522730195,0.8710821744594498,1.2004321960717252
filtered_iqr|z,2.136650432568173,1.3972415331324708,0.9007773861249713,1.1188087346855127
winsorized,2.0959016712429053,1.6401344527682156,0.9109958047729299,1.0519376386429755
